case_id,mode,track,tool,variant,input_tier,n_sites,rho,log_r2,q
leeds-v1,car,calibrated,baseline,population_density,T1_open_covariates,417,0.715,0.537,0.626
leeds-v1,car,calibrated,aequilibrae,aon,T2_synthetic_od,417,0.701,0.536,0.619
leeds-v1,car,calibrated,cityseer_od,default,T2_synthetic_od,417,0.699,0.535,0.617
leeds-v1,car,raw,aequilibrae,ue_bfw,T2_synthetic_od,417,0.639,-4.742,-2.052
leeds-v1,car,raw,cityseer_od,dispersed,T2_synthetic_od,417,0.608,-5.656,-2.524
leeds-v1,cycling,calibrated,baseline,centre_distance,T1_open_covariates,360,0.332,0.034,0.183
leeds-v1,cycling,calibrated,cityseer_od,default,T2_synthetic_od,360,0.336,-0.055,0.14
leeds-v1,cycling,calibrated,aequilibrae,aon,T2_synthetic_od,360,0.271,-0.127,0.072
leeds-v1,cycling,raw,cityseer_od,dispersed,T2_synthetic_od,360,0.358,-0.76,-0.201
leeds-v1,cycling,raw,aequilibrae,aon,T2_synthetic_od,360,0.339,-1.538,-0.599
leeds-v1,heavy,calibrated,baseline,attractor_density,T1_open_covariates,415,0.657,0.449,0.553
leeds-v1,heavy,calibrated,aequilibrae,ue_bfw,T2_synthetic_od,415,0.598,0.431,0.514
leeds-v1,heavy,calibrated,cityseer_od,dispersed,T2_synthetic_od,415,0.548,0.438,0.493
leeds-v1,heavy,raw,aequilibrae,ue_bfw,T2_synthetic_od,415,0.546,-0.735,-0.094
leeds-v1,heavy,raw,cityseer_od,dispersed,T2_synthetic_od,415,0.497,-1.288,-0.395
leuven-v1,car,calibrated,baseline,class_only,T1_open_covariates,37,-0.153,-0.581,-0.367
leuven-v1,car,calibrated,cityseer_od,default,T2_synthetic_od,37,-0.312,-0.585,-0.449
leuven-v1,car,calibrated,aequilibrae,aon,T2_synthetic_od,37,-0.228,-0.815,-0.522
leuven-v1,car,raw,aequilibrae,aon,T2_synthetic_od,37,0.113,-18.389,-9.138
leuven-v1,car,raw,cityseer_od,dispersed,T2_synthetic_od,37,0.038,-18.977,-9.47
leuven-v1,cycling,calibrated,aequilibrae,aon,T2_synthetic_od,37,-0.234,-0.428,-0.331
leuven-v1,cycling,calibrated,baseline,class_only,T1_open_covariates,37,-0.237,-0.465,-0.351
leuven-v1,cycling,calibrated,cityseer_od,dispersed,T2_synthetic_od,37,-0.306,-0.425,-0.365
leuven-v1,cycling,raw,cityseer_od,default,T2_synthetic_od,37,0.177,-13.209,-6.516
leuven-v1,cycling,raw,aequilibrae,aon,T2_synthetic_od,37,0.193,-14.077,-6.942
leuven-v1,walking,calibrated,baseline,centre_distance,T1_open_covariates,38,0.493,0.226,0.36
leuven-v1,walking,calibrated,aequilibrae,aon,T2_synthetic_od,38,-0.474,-0.483,-0.478
leuven-v1,walking,calibrated,cityseer_od,dispersed,T2_synthetic_od,38,-0.55,-0.723,-0.636
leuven-v1,walking,raw,aequilibrae,aon,T2_synthetic_od,38,0.372,-5.416,-2.522
leuven-v1,walking,raw,cityseer_od,dispersed,T2_synthetic_od,38,0.275,-7.424,-3.574
melbourne-v1,car,calibrated,baseline,population_density,T1_open_covariates,2120,0.691,0.426,0.558
melbourne-v1,car,calibrated,aequilibrae,ue_bfw,T2_synthetic_od,2120,0.693,0.424,0.558
melbourne-v1,car,calibrated,cityseer_od,dispersed,T2_synthetic_od,2120,0.682,0.422,0.552
melbourne-v1,car,raw,aequilibrae,ue_bfw,T2_synthetic_od,2120,0.5,-11.54,-5.52
melbourne-v1,car,raw,cityseer_od,dispersed,T2_synthetic_od,2120,0.473,-20.611,-10.069
melbourne-v1,heavy,calibrated,baseline,attractor_density,T1_open_covariates,1902,0.586,0.315,0.451
melbourne-v1,heavy,calibrated,aequilibrae,aon,T2_synthetic_od,1902,0.575,0.309,0.442
melbourne-v1,heavy,calibrated,cityseer_od,default,T2_synthetic_od,1902,0.568,0.306,0.437
melbourne-v1,heavy,raw,aequilibrae,ue_bfw,T2_synthetic_od,1902,0.347,-5.714,-2.684
melbourne-v1,heavy,raw,cityseer_od,dispersed,T2_synthetic_od,1902,0.324,-9.255,-4.465
melbourne-v1,walking,calibrated,baseline,centre_distance,T1_open_covariates,100,0.598,0.208,0.403
melbourne-v1,walking,calibrated,cityseer_od,dispersed,T2_synthetic_od,100,-0.14,-0.154,-0.147
melbourne-v1,walking,calibrated,aequilibrae,aon,T2_synthetic_od,100,-0.228,-0.165,-0.197
melbourne-v1,walking,raw,cityseer_od,dispersed,T2_synthetic_od,100,0.131,-26.596,-13.233
melbourne-v1,walking,raw,aequilibrae,aon,T2_synthetic_od,100,0.072,-37.027,-18.478
oxford-v1,car,calibrated,cityseer_od,dispersed,T2_synthetic_od,292,0.779,0.634,0.707
oxford-v1,car,calibrated,aequilibrae,aon,T2_synthetic_od,292,0.778,0.631,0.704
oxford-v1,car,calibrated,baseline,class_only,T1_open_covariates,292,0.773,0.633,0.703
oxford-v1,car,raw,cityseer_od,dispersed,T2_synthetic_od,292,0.549,-3.05,-1.251
oxford-v1,car,raw,aequilibrae,ue_bfw,T2_synthetic_od,292,0.56,-3.487,-1.463
oxford-v1,cycling,calibrated,baseline,centre_distance,T1_open_covariates,240,0.674,0.201,0.438
oxford-v1,cycling,calibrated,cityseer_od,dispersed,T2_synthetic_od,240,0.301,-0.287,0.007
oxford-v1,cycling,calibrated,aequilibrae,aon,T2_synthetic_od,240,0.284,-0.288,-0.002
oxford-v1,cycling,raw,cityseer_od,dispersed,T2_synthetic_od,240,0.476,-0.823,-0.173
oxford-v1,cycling,raw,aequilibrae,aon,T2_synthetic_od,240,0.443,-1.109,-0.333
oxford-v1,heavy,calibrated,baseline,centre_distance,T1_open_covariates,290,0.649,0.307,0.478
oxford-v1,heavy,calibrated,cityseer_od,default,T2_synthetic_od,290,0.607,0.256,0.431
oxford-v1,heavy,calibrated,aequilibrae,aon,T2_synthetic_od,290,0.599,0.249,0.424
oxford-v1,heavy,raw,cityseer_od,dispersed,T2_synthetic_od,290,0.417,-1.369,-0.476
oxford-v1,heavy,raw,aequilibrae,ue_bfw,T2_synthetic_od,290,0.415,-1.556,-0.571
oxford-v1,walking,calibrated,baseline,attractor_density,T1_open_covariates,124,0.737,0.496,0.616
oxford-v1,walking,calibrated,cityseer_od,dispersed,T2_synthetic_od,124,0.366,-0.215,0.075
oxford-v1,walking,calibrated,aequilibrae,aon,T2_synthetic_od,124,0.326,-0.328,-0.001
oxford-v1,walking,raw,cityseer_od,dispersed,T2_synthetic_od,124,-0.009,-5.816,-2.913
oxford-v1,walking,raw,aequilibrae,aon,T2_synthetic_od,124,-0.062,-7.263,-3.663
toronto-v1,car,calibrated,baseline,centre_distance,T1_open_covariates,11317,0.783,0.471,0.627
toronto-v1,car,calibrated,aequilibrae,aon,T2_synthetic_od,11317,0.761,0.473,0.617
toronto-v1,car,calibrated,cityseer_od,dispersed,T2_synthetic_od,11317,0.747,0.465,0.606
toronto-v1,car,raw,aequilibrae,ue_bfw,T2_synthetic_od,11317,0.744,-2.091,-0.674
toronto-v1,car,raw,cityseer_od,dispersed,T2_synthetic_od,11317,0.546,-3.241,-1.348
toronto-v1,cycling,calibrated,baseline,centre_distance,T1_open_covariates,10299,0.662,0.254,0.458
toronto-v1,cycling,calibrated,aequilibrae,aon,T2_synthetic_od,10299,0.251,-0.396,-0.073
toronto-v1,cycling,calibrated,cityseer_od,dispersed,T2_synthetic_od,10299,0.224,-0.399,-0.087
toronto-v1,cycling,raw,cityseer_od,dispersed,T2_synthetic_od,10299,0.102,-0.606,-0.252
toronto-v1,cycling,raw,aequilibrae,aon,T2_synthetic_od,10299,0.213,-1.182,-0.484
toronto-v1,heavy,calibrated,baseline,centre_distance,T1_open_covariates,9076,0.724,0.535,0.629
toronto-v1,heavy,calibrated,aequilibrae,aon,T2_synthetic_od,9076,0.716,0.539,0.628
toronto-v1,heavy,calibrated,cityseer_od,dispersed,T2_synthetic_od,9076,0.705,0.534,0.62
toronto-v1,heavy,raw,aequilibrae,ue_bfw,T2_synthetic_od,9076,0.66,-0.32,0.17
toronto-v1,heavy,raw,cityseer_od,dispersed,T2_synthetic_od,9076,0.501,-1.118,-0.308
toronto-v1,walking,calibrated,baseline,attractor_density,T1_open_covariates,11310,0.548,0.106,0.327
toronto-v1,walking,calibrated,aequilibrae,aon,T2_synthetic_od,11310,0.007,-0.532,-0.263
toronto-v1,walking,calibrated,cityseer_od,dispersed,T2_synthetic_od,11310,-0.123,-0.589,-0.356
toronto-v1,walking,raw,cityseer_od,dispersed,T2_synthetic_od,11310,0.02,-2.855,-1.418
toronto-v1,walking,raw,aequilibrae,aon,T2_synthetic_od,11310,-0.142,-6.673,-3.408
zurich-v1,car,calibrated,aequilibrae,ue_bfw,T2_synthetic_od,102,0.708,0.495,0.601
zurich-v1,car,calibrated,cityseer_od,dispersed,T2_synthetic_od,102,0.655,0.309,0.482
zurich-v1,car,calibrated,baseline,population_density,T1_open_covariates,102,0.537,0.211,0.374
zurich-v1,car,raw,aequilibrae,ue_bfw,T2_synthetic_od,102,0.697,0.36,0.528
zurich-v1,car,raw,cityseer_od,dispersed,T2_synthetic_od,102,0.716,-7.772,-3.528
zurich-v1,cycling,calibrated,baseline,population_density,T1_open_covariates,23,0.273,0.09,0.181
zurich-v1,cycling,calibrated,aequilibrae,aon,T2_synthetic_od,23,-0.102,-0.365,-0.233
zurich-v1,cycling,calibrated,cityseer_od,dispersed,T2_synthetic_od,23,-0.159,-0.33,-0.245
zurich-v1,cycling,raw,cityseer_od,dispersed,T2_synthetic_od,23,0.249,-21.835,-10.793
zurich-v1,cycling,raw,aequilibrae,aon,T2_synthetic_od,23,0.276,-23.806,-11.765
